{"cameraMode":{"drawMode":0,"name":"Shaded","section":"Shading Mode"},"sceneLighting":true,"audioPlay":false,"sceneViewState":{"m_AlwaysRefresh":false,"showFog":true,"showSkybox":true,"showFlares":true,"showImageEffects":true,"showParticleSystems":true,"showVisualEffectGraphs":true,"m_FxEnabled":true},"in2DMode":false,"pivot":{"x":-25.537574768066408,"y":-21.73754119873047,"z":-0.3477950096130371},"rotation":{"x":0.21702469885349275,"y":-0.6422411203384399,"z":0.19677765667438508,"w":0.7083271741867065},"size":38.817169189453128,"orthographic":false}